Ingredients_Allergy_ID,Ingredients_Code,Allergy_Code,Product_Check
12,I00002,,0
14,I00004,,0
15,I00005,,0
18,I00008,A09,0
19,I00009,,0
35,I00016,,0
37,I00018,,0
41,I00022,,0
53,I00026,,0
62,I00029,,0
63,I00030,,0
65,I00032,,0
76,I00036,A09,0
77,I00037,A09,0
79,I00039,,0
80,I00040,,0
81,I00041,A03,0
82,I00042,,0
87,I00045,,0
88,I00046,,0
89,I00047,,0
90,I00048,,0
94,I00051,A10,0
95,I00052,,0
96,I00053,,0
98,I00055,A09,0
99,I00056,,0
101,I00058,,0
105,I00061,,0
107,I00063,,0
108,I00064,,0
109,I00065,,0
117,I00070,,0
120,I00073,,0
125,I00076,,0
126,I00077,,0
127,I00078,,0
128,I00079,,0
129,I00080,A08,0
130,I00081,,0
131,I00082,C40,0
132,I00083,A05,0
133,I00084,A02,0
134,I00085,A03,0
135,I00085,A02,0
136,I00086,,0
137,I00087,A03,0
138,I00088,,0
140,I00090,,0
141,I00091,C08,0
175,I00102,,0
181,I00104,,0
182,I00105,,0
183,I00106,,0
184,I00107,,0
195,I00111,,0
202,I00114,,0
209,I00117,,0
210,I00118,A03,0
212,I00120,C08,0
213,I00121,A02,0
217,I00123,,0
225,I00126,A03,0
226,I00126,A02,0
227,I00127,A02,0
228,I00128,A02,0
250,I00134,A02,0
251,I00135,A02,0
260,I00138,,0
261,I00139,C04,0
262,I00140,,0
263,I00141,,0
266,I00143,,0
267,I00144,,0
271,I00147,,0
272,I00148,,0
273,I00149,,0
274,I00150,,0
275,I00151,,0
278,I00154,,0
280,I00156,,0
281,I00157,A01,0
282,I00158,,0
296,I00161,,0
299,I00164,,0
300,I00165,C08,0
302,I00167,,0
311,I00171,A17,0
342,I00184,A17,0
343,I00184,A14,0
352,I00189,C08,0
354,I00191,A03,0
369,I00194,C08,0
370,I00195,C08,0
373,I00197,,0
380,I00200,,0
381,I00201,,0
382,I00202,,0
383,I00203,A07,0
384,I00204,A07,0
386,I00206,,0
394,I00212,,0
395,I00213,C13,0
396,I00214,,0
405,I00217,A17,0
406,I00218,,0
407,I00219,,0
409,I00221,,0
410,I00222,,0
411,I00223,,0
412,I00224,,0
415,I00227,,0
416,I00228,,0
417,I00229,,0
418,I00230,,0
419,I00231,,0
420,I00232,,0
421,I00233,,0
422,I00234,,0
423,I00235,,0
424,I00236,,0
425,I00237,,0
426,I00238,,0
427,I00239,,0
428,I00240,A09,0
429,I00241,,0
430,I00242,,0
431,I00243,,0
432,I00244,,0
433,I00245,A01,0
434,I00246,,0
435,I00247,,0
436,I00248,,0
437,I00249,,0
440,I00251,,0
441,I00252,A16,0
442,I00253,A07,0
443,I00254,C22,0
444,I00255,,0
445,I00256,,0
446,I00257,,0
447,I00258,,0
448,I00259,,0
450,I00261,,0
451,I00262,,0
452,I00263,,0
453,I00264,A11,0
454,I00264,A12,0
455,I00265,,0
456,I00266,A07,0
457,I00267,,0
458,I00268,,0
459,I00269,,0
460,I00270,,0
461,I00271,,0
462,I00272,A14,0
465,I00274,,0
466,I00275,,0
467,I00276,,0
468,I00277,,0
474,I00279,,0
475,I00280,,0
477,I00282,,0
478,I00283,A09,0
479,I00284,,0
480,I00285,,0
481,I00286,,0
482,I00287,,0
483,I00288,,0
484,I00289,A05,0
485,I00290,,0
486,I00291,,0
490,I00293,C04,0
491,I00294,,0
492,I00295,C24,0
493,I00296,A05,0
494,I00297,,0
495,I00298,,0
496,I00299,,0
497,I00300,,0
498,I00301,,0
499,I00302,,0
500,I00303,C19,0
502,I00305,C15,0
503,I00306,,0
505,I00308,,0
506,I00309,,0
507,I00310,,0
508,I00311,,0
509,I00312,A09,0
510,I00313,,0
511,I00314,,0
512,I00315,,0
513,I00316,,0
514,I00317,,0
515,I00318,,0
516,I00319,,0
517,I00320,,0
518,I00321,,0
519,I00322,,0
521,I00324,,0
522,I00325,,0
523,I00326,,0
524,I00327,,0
525,I00328,,0
526,I00329,A16,0
527,I00330,,0
528,I00331,,0
529,I00332,C02,0
536,I00334,,0
537,I00335,,0
538,I00336,C39,0
539,I00337,,0
540,I00338,,0
541,I00339,C28,0
542,I00340,,0
545,I00343,A14,0
547,I00345,A14,0
555,I00348,A14,0
559,I00350,A14,0
561,I00352,C28,0
562,I00353,,0
563,I00354,,0
564,I00355,,0
565,I00356,A14,0
566,I00357,A14,0
567,I00358,C26,0
571,I00360,A06,0
572,I00361,A06,0
577,I00364,A06,0
578,I00365,A06,0
589,I00368,A06,0
610,I00374,A09,0
615,I00376,A09,0
616,I00377,,0
617,I00378,,0
618,I00379,,0
619,I00380,,0
620,I00381,,0
621,I00382,,0
627,I00386,,0
628,I00387,,0
631,I00389,A13,0
632,I00390,A11,0
633,I00391,,0
634,I00392,A11,0
635,I00393,C33,0
636,I00394,C33,0
637,I00395,,0
638,I00396,,0
639,I00397,C01,0
645,I00401,,0
646,I00402,,0
647,I00403,,0
648,I00404,A01,0
649,I00405,A01,0
650,I00406,A01,0
651,I00407,A01,0
656,I00410,A01,0
658,I00412,A01,0
659,I00413,A10,0
668,I00417,,0
669,I00418,,0
671,I00420,,0
672,I00421,,0
673,I00422,,0
676,I00425,A14,0
678,I00427,,0
681,I00430,,0
682,I00431,,0
685,I00434,,0
686,I00435,,0
690,I00437,,0
691,I00438,,0
692,I00439,,0
693,I00440,,0
694,I00441,,0
695,I00442,,0
697,I00444,,0
698,I00445,,0
699,I00446,,0
706,I00451,,0
707,I00452,A02,0
708,I00452,A03,0
709,I00452,A04,0
710,I00453,,0
711,I00454,A03,0
712,I00454,A02,0
713,I00455,A03,0
714,I00455,A02,0
725,I00458,A03,0
726,I00458,A02,0
732,I00460,,0
733,I00461,A03,0
734,I00461,A02,0
745,I00464,A03,0
746,I00464,A02,0
755,I00468,,0
756,I00469,A03,0
757,I00469,A02,0
758,I00469,A01,0
759,I00469,A17,0
766,I00471,,0
767,I00472,,0
769,I00474,,0
770,I00475,,0
771,I00476,,0
772,I00477,,0
773,I00478,,0
774,I00479,,0
781,I00484,,0
784,I00486,,0
786,I00488,,0
787,I00489,,0
811,I00495,,0
813,I00497,,0
814,I00498,,0
815,I00499,,0
818,I00501,,0
819,I00502,,0
820,I00503,,0
821,I00504,,0
822,I00505,,0
823,I00506,,0
825,I00508,,0
826,I00509,,0
827,I00510,,0
828,I00511,,0
829,I00512,,0
830,I00513,,0
831,I00514,,0
836,I00517,,0
841,I00521,,0
844,I00523,,0
850,I00528,,0
851,I00529,,0
853,I00531,,0
905,I00546,,0
917,I00549,,0
926,I00554,C39,0
927,I00555,,0
928,I00556,,0
935,I00560,,0
936,I00561,,0
937,I00562,,0
953,I00572,,0
954,I00573,,0
955,I00574,,0
956,I00575,,0
957,I00576,,0
959,I00578,,0
969,I00581,A02,0
970,I00582,,0
979,I00586,,0
981,I00588,,0
982,I00589,,0
983,I00590,A05,0
984,I00591,,0
985,I00592,,0
988,I00594,,0
1004,I00599,,0
1005,I00600,,0
1006,I00601,,0
1010,I00603,A03,0
1011,I00604,A02,0
1022,I00607,A03,0
1023,I00608,,0
1024,I00609,A17,0
1032,I00611,,0
1033,I00612,,0
1034,I00613,,0
1036,I00615,,0
1037,I00616,,0
1040,I00619,,0
1041,I00620,,0
1048,I00626,,0
1057,I00635,,0
1058,I00636,C04,0
1059,I00637,,0
1060,I00638,,0
1073,I00646,,0
1074,I00647,,0
1075,I00648,,0
1083,I00653,,0
1084,I00654,,0
1085,I00655,,0
1086,I00656,,0
1088,I00658,,0
1098,I00663,,0
1099,I00664,A01,0
1100,I00665,,0
1101,I00666,,0
1102,I00667,,0
1105,I00669,C33,0
1106,I00670,,0
1111,I00672,,0
1112,I00673,,0
1113,I00674,,0
1114,I00675,,0
1117,I00677,,0
1121,I00680,C29,0
1122,I00681,,0
1123,I00682,,0
1124,I00683,,0
1130,I00687,A02,0
1131,I00688,,0
1141,I00693,,0
1169,I00702,,0
1170,I00703,,0
1171,I00704,,0
1172,I00705,,0
1178,I00707,,0
1179,I00708,,0
1180,I00709,C17,0
1184,I00711,,0
1190,I00713,,0
1196,I00717,,0
1197,I00718,,0
1198,I00719,A14,0
1205,I00724,,0
1206,I00725,,0
1207,I00726,,0
1213,I00729,,0
1214,I00730,,0
1218,I00732,,0
1221,I00734,,0
1222,I00735,,0
1224,I00737,,0
1228,I00741,,0
1233,I00746,,0
1234,I00747,,0
1235,I00748,,0
1236,I00749,,0
1245,I00752,,0
1248,I00755,,0
1257,I00762,,0
1258,I00763,,0
1259,I00764,,0
1260,I00765,,0
1261,I00766,,0
1263,I00768,C13,0
1265,I00770,,0
1268,I00772,,0
1270,I00774,,0
1293,I00779,,0
1294,I00780,,0
1295,I00781,A04,0
1300,I00783,,0
1301,I00784,C08,0
1302,I00785,,0
1303,I00786,,0
1304,I00787,,0
1306,I00789,,0
1307,I00790,,0
1308,I00791,,0
1312,I00794,,0
1314,I00796,A03,0
1317,I00799,A02,0
1318,I00800,,0
1323,I00802,C28,0
1325,I00804,,0
1327,I00806,C28,0
1346,I00811,,0
1355,I00815,,0
1361,I00820,,0
1364,I00822,,0
1432,I00844,A05,0
1445,I00848,,0
1446,I00849,,0
1464,I00854,,0
1465,I00855,,0
1466,I00856,,0
1467,I00857,C13,0
1468,I00858,,0
1496,I00865,,0
1497,I00866,,0
1504,I00870,,0
1515,I00879,C28,0
1516,I00880,,0
1517,I00881,C28,0
1533,I00887,,0
1535,I00889,,0
1546,I00893,A03,0
1547,I00894,A05,0
1550,I00896,,0
1551,I00897,,0
1552,I00898,A02,0
1553,I00899,A17,0
1554,I00900,,0
1555,I00901,A09,0
1562,I00904,,0
1580,I00912,A07,0
1582,I00914,,0
1583,I00915,A03,0
1584,I00916,,0
1587,I00918,A02,0
1588,I00919,A06,0
1592,I00921,A06,0
1593,I00922,A06,0
1605,I00925,A06,0
1625,I00929,,0
1626,I00930,,0
1627,I00931,,0
1628,I00932,A05,0
1629,I00933,,0
1630,I00934,C24,0
1634,I00936,,0
1635,I00937,,0
1644,I00941,A02,0
1645,I00942,,0
1646,I00943,,0
1647,I00944,,0
1648,I00945,,0
1649,I00946,,0
1650,I00947,,0
1651,I00948,,0
1655,I00951,,0
1656,I00952,,0
1668,I00958,,0
1669,I00959,,0
1697,I00965,,0
1698,I00966,,0
1702,I00969,,0
1708,I00972,,0
1720,I00978,,0
1721,I00979,,0
1728,I00981,A03,0
1729,I00982,,0
1749,I00991,A14,0
1750,I00992,,0
1762,I00997,,0
1771,I01002,,0
1774,I01004,,0
1781,I01007,A04,0
1782,I01008,,0
1784,I01010,,0
1785,I01011,,0
1792,I01013,,0
1793,I01014,A07,0
1797,I01016,,0
1799,I01018,,0
1802,I01020,,0
1808,I01022,A05,0
1816,I01025,,0
1822,I01027,,0
1830,I01030,,0
1834,I01032,,0
1845,I01036,A07,0
1849,I01039,,0
1868,I01046,,0
1869,I01047,,0
1900,I01056,,0
1901,I01057,,0
1904,I01059,,0
1905,I01060,C28,0
1906,I01061,,0
1907,I01062,,0
1908,I01063,,0
1913,I01067,,0
1914,I01068,,0
1917,I01070,,0
1918,I01071,,0
1919,I01072,,0
1921,I01074,A14,0
1922,I01075,,0
1923,I01076,,0
1924,I01077,,0
1925,I01078,A10,0
1926,I01079,,0
1927,I01080,,0
1928,I01081,,0
1929,I01082,A08,0
1930,I01083,A05,0
1933,I01085,A19,0
1934,I01086,,0
1935,I01087,C09,0
1936,I01088,C09,0
1937,I01089,A17,0
1939,I01091,A17,0
1948,I01095,,0
1949,I01096,,0
1950,I01097,A10,0
1954,I01099,,0
1956,I01101,,0
1957,I01102,A17,0
1958,I01103,,0
1973,I01112,,0
1974,I01113,,0
1975,I01114,,0
1981,I01116,,0
1982,I01117,A02,0
1997,I01122,,0
1999,I01124,,0
2001,I01126,,0
2014,I01131,,0
2015,I01132,,0
2017,I01134,,0
2018,I01135,,0
2019,I01136,,0
2020,I01137,,0
2022,I01139,,0
2023,I01140,,0
2025,I01142,C24,0
2026,I01143,C39,0
2027,I01144,,0
2028,I01145,,0
2029,I01146,,0
2034,I01149,A08,0
2035,I01150,,0
2036,I01151,,0
2038,I01153,,0
2039,I01154,,0
2040,I01155,,0
2041,I01156,,0
2061,I01161,,0
2062,I01162,,0
2063,I01163,,0
2064,I01164,,0
2065,I01165,,0
2067,I01167,,0
2068,I01168,,0
2072,I01171,,0
2073,I01172,,0
2076,I01174,,0
2078,I01176,,0
2079,I01177,,0
2081,I01179,,0
2082,I01180,,0
2084,I01182,,0
2085,I01183,,0
2086,I01184,A05,0
2092,I01187,,0
2094,I01189,,0
2095,I01190,A16,0
2107,I01194,A03,0
2108,I01195,,0
2109,I01196,A04,0
2110,I01197,,0
2111,I01198,,0
2112,I01199,A11,0
2113,I01200,,0
2114,I01201,,0
2115,I01202,,0
2116,I01203,A05,0
2117,I01204,C31,0
2118,I01205,,0
2119,I01206,A02,0
2120,I01207,,0
2121,I01208,C33,0
2122,I01209,A02,0
2123,I01209,A03,0
2124,I01210,,0
2125,I01211,,0
2126,I01212,,0
2127,I01213,,0
2128,I01214,,0
2129,I01215,,0
2131,I01217,,0
2132,I01218,,0
2133,I01219,,0
2134,I01220,,0
2135,I01221,,0
2136,I01222,,0
2137,I01223,A12,0
2138,I01224,,0
2139,I01225,,0
2140,I01226,,0
2141,I01227,,0
2142,I01228,,0
2145,I01230,,0
2146,I01231,,0
2147,I01232,,0
2148,I01233,,0
2149,I01234,,0
2150,I01235,,0
2151,I01236,,0
2152,I01237,A03,0
2153,I01238,A02,0
2154,I01239,,0
2168,I01243,,0
2169,I01244,,0
2174,I01248,C22,0
2180,I01253,,0
2181,I01254,,0
2183,I01256,,0
2184,I01257,,0
2185,I01258,,0
2193,I01263,,0
2197,I01265,,0
2200,I01267,A03,0
2201,I01268,,0
2202,I01269,,0
2203,I01270,C13,0
2204,I01271,,0
2210,I01275,,0
2211,I01276,,0
2212,I01277,,0
2221,I01285,,0
2223,I01287,,0
2224,I01288,,0
2233,I01295,,0
2235,I01297,A04,0
2236,I01298,C35,0
2237,I01299,,0
2238,I01300,,0
2239,I01301,A01,0
2243,I01304,A04,0
2246,I01307,,0
2251,I01312,,0
2253,I01314,,0
2257,I01317,A04,0
2258,I01318,A04,0
2259,I01319,A04,0
2260,I01320,A04,0
2261,I01321,A04,0
2262,I01322,A04,0
2263,I01323,A04,0
2269,I01326,A04,0
2270,I01327,A04,0
2279,I01330,A04,0
2280,I01331,A04,0
2458,I01371,A05,0
2459,I01372,,0
2469,I01375,A05,0
2470,I01376,A04,0
2471,I01377,A04,0
2472,I01378,A04,0
2473,I01379,A04,0
2494,I01384,A04,0
2503,I01387,A05,0
2504,I01388,A05,0
2505,I01389,A04,0
2514,I01391,,0
2516,I01393,,0
2518,I01395,,0
2520,I01397,,0
2523,I01400,,0
2526,I01402,,0
2533,I01405,,0
2536,I01407,,0
2537,I01408,,0
2541,I01410,C04,0
2544,I01413,,0
2545,I01414,,0
2546,I01415,,0
2547,I01416,,0
2548,I01417,,0
2549,I01418,,0
2550,I01419,,0
2551,I01420,,0
2552,I01421,A06,0
2555,I01423,A06,0
2556,I01424,,0
2557,I01425,,0
2564,I01427,,0
2565,I01428,,0
2566,I01429,,0
2567,I01430,,0
2568,I01431,,0
2569,I01432,,0
2570,I01433,A14,0
2573,I01435,A14,0
2574,I01436,,0
2575,I01437,,0
2576,I01438,,0
2577,I01439,,0
2578,I01440,,0
2579,I01441,,0
2580,I01442,A09,0
2581,I01443,,0
2582,I01444,,0
2583,I01445,,0
2584,I01446,A02,0
2585,I01447,A02,0
2590,I01450,,0
2591,I01451,,0
2592,I01452,,0
2594,I01454,A16,0
2596,I01456,,0
2597,I01457,,0
2599,I01459,,0
2600,I01460,,0
2601,I01461,,0
2603,I01463,,0
2605,I01465,,0
2606,I01466,,0
2607,I01467,A14,0
2609,I01469,,0
2610,I01470,A03,0
2611,I01471,A02,0
2612,I01471,A03,0
2613,I01472,A03,0
2614,I01473,A05,0
2615,I01474,A09,0
2616,I01475,A09,0
2617,I01476,,0
2618,I01477,,0
2619,I01478,,0
2621,I01480,,0
2627,I01482,,0
2629,I01484,,0
2630,I01485,,0
2631,I01486,A06,0
2654,I01493,,0
2670,I01498,A07,0
2671,I01499,A16,0
2672,I01500,,0
2673,I01501,,0
2674,I01502,,0
2675,I01503,,0
2678,I01506,,0
2684,I01508,A02,0
2685,I01509,A03,0
2693,I01514,,0
2706,I01526,,0
2707,I01527,,0
2708,I01528,,0
2709,I01529,,0
2710,I01530,,0
2711,I01531,,0
2712,I01532,,0
2713,I01533,,0
2714,I01534,,0
2728,I01540,A03,0
2732,I01542,A03,0
2737,I01544,,0
2738,I01545,A03,0
2739,I01546,A03,0
2742,I01548,A03,0
2743,I01549,A03,0
2753,I01552,A03,0
2754,I01553,,0
2755,I01554,,0
2756,I01555,,0
2762,I01558,,0
2764,I01560,,0
2765,I01561,,0
2766,I01562,,0
2767,I01563,,0
2771,I01565,,0
2772,I01566,A10,0
2773,I01567,,0
2779,I01570,A09,0
2780,I01571,A09,0
2781,I01572,,0
2782,I01573,,0
2790,I01576,,0
2791,I01577,,0
2792,I01578,,0
2802,I01581,A03,0
2803,I01582,A03,0
2804,I01583,A03,0
2805,I01584,A03,0
2806,I01585,A03,0
2807,I01586,A03,0
2811,I01588,A03,0
2812,I01589,C08,0
2813,I01590,C08,0
2821,I01593,A03,0
2827,I01595,A03,0
2828,I01596,A03,0
2829,I01597,A03,0
2830,I01598,A03,0
2831,I01599,A03,0
2832,I01600,A03,0
2836,I01602,A03,0
2845,I01605,A03,0
2846,I01606,A03,0
2847,I01607,A03,0
2855,I01609,A03,0
2856,I01610,A03,0
2862,I01613,A03,0
2869,I01617,A03,0
2870,I01618,A03,0
2876,I01620,A03,0
2877,I01621,,0
2928,I01641,,0
2929,I01642,A14,0
2933,I01645,A14,0
2936,I01647,A14,0
2939,I01649,A14,0
2948,I01652,A14,0
2949,I01653,A14,0
2951,I01655,A14,0
2952,I01655,A01,0
2955,I01657,A14,0
2956,I01657,A17,0
2957,I01657,A01,0
2981,I01668,,0
2982,I01669,,0
2983,I01670,,0
2984,I01671,,0
2985,I01672,,0
2993,I01676,,0
2999,I01678,,0
3001,I01680,,0
3002,I01681,A16,0
3003,I01682,,0
3024,I01690,,0
3025,I01691,,0
3033,I01693,,0
3038,I01695,,0
3041,I01697,,0
3042,I01698,,0
3043,I01699,,0
3044,I01700,A03,0
3049,I01702,A06,0
3058,I01707,,0
3067,I01712,,0
3068,I01713,,0
3072,I01715,,0
3073,I01716,,0
3077,I01719,A05,0
3094,I01733,,0
3096,I01735,,0
3103,I01740,,0
3108,I01742,A10,0
3113,I01747,,0
3114,I01748,,0
3117,I01750,A17,0
3119,I01752,A11,0
3121,I01754,A11,0
3122,I01755,A11,0
3130,I01759,,0
3131,I01760,,0
3132,I01761,,0
3210,I01784,,0
3211,I01785,A14,0
3212,I01785,A17,0
3213,I01786,A17,0
3214,I01786,A14,0
3215,I01786,A10,0
3222,I01788,A14,0
3223,I01788,A17,0
3243,I01794,,0
3423,I01828,,0
3424,I01829,,0
3434,I01833,,0
3438,I01837,,0
3439,I01838,,0
3442,I01841,,0
3443,I01842,,0
3445,I01844,,0
3446,I01845,,0
3448,I01847,,0
3450,I01849,,0
3465,I01858,,0
3466,I01859,,0
3467,I01860,,0
3468,I01861,,0
3471,I01863,,0
3477,I01868,,0
3479,I01870,,0
3480,I01871,,0
3481,I01872,,0
3482,I01873,,0
3500,I01883,,0
3501,I01884,,0
3502,I01885,,0
3512,I01889,,0
3513,I01890,,0
3514,I01891,,0
3516,I01893,,0
3517,I01894,,0
3518,I01895,,0
3519,I01896,,0
3520,I01897,,0
3522,I01899,,0
3525,I01902,,0
3536,I01910,,0
3543,I01913,,0
3544,I01914,,0
3548,I01917,,0
3550,I01919,,0
3551,I01920,,0
3552,I01921,,0
3553,I01922,,0
3557,I01925,,0
3558,I01926,,0
3562,I01930,,0
3563,I01931,,0
3564,I01932,,0
3565,I01933,,0
3566,I01934,,0
3573,I01938,,0
3575,I01940,,0
3576,I01941,,0
3581,I01945,,0
3584,I01948,,0
3586,I01950,C35,0
3587,I01951,,0
3588,I01952,,0
3590,I01954,,0
3599,I01958,,0
3600,I01959,,0
3613,I01962,,0
3614,I01963,,0
3615,I01964,,0
3616,I01965,,0
3617,I01966,,0
3618,I01967,,0
3619,I01968,,0
3620,I01969,,0
3629,I01973,,0
3630,I01974,,0
3634,I01978,A10,0
3640,I01981,A16,0
3641,I01982,,0
3645,I01984,,0
3648,I01986,,0
3650,I01988,A17,0
3651,I01989,A17,0
3653,I01991,,0
3654,I01992,,0
3663,I01996,,0
3664,I01997,,0
3667,I02000,,0
3668,I02001,,0
3669,I02002,,0
3671,I02004,,0
3677,I02006,,0
3687,I02011,,0
3690,I02013,,0
3691,I02014,,0
3692,I02015,A02,0
3693,I02016,,0
3694,I02017,,0
3695,I02018,,0
3698,I02020,,0
3703,I02022,,0
3704,I02023,,0
3706,I02025,,0
3707,I02026,,0
3708,I02027,A14,0
3709,I02028,,0
3712,I02031,,0
3713,I02032,A05,0
3715,I02034,,0
3716,I02035,,0
3719,I02038,,0
3720,I02039,,0
3722,I02041,,0
3726,I02044,,0
3727,I02045,,0
3730,I02048,,0
3758,I02062,C22,0
3769,I02065,,0
3779,I02067,,0
3790,I02071,,0
3791,I02072,,0
3792,I02073,,0
3793,I02074,,0
3794,I02075,,0
3795,I02076,,0
3796,I02077,,0
3797,I02078,,0
3798,I02079,,0
3799,I02080,,0
3800,I02081,,0
3801,I02082,,0
3802,I02083,,0
3803,I02084,,0
3807,I02087,,0
3808,I02088,,0
3810,I02090,,0
3814,I02094,,0
3815,I02095,,0
3816,I02096,,0
3824,I02101,,0
3830,I02105,,0
3831,I02106,,0
3841,I02109,,0
3842,I02110,,0
3843,I02111,C33,0
3844,I02112,,0
3845,I02113,,0
3867,I02122,,0
3868,I02123,,0
3869,I02124,,0
3870,I02125,,0
3890,I02131,,0
3895,I02136,A14,0
3896,I02137,A03,0
3902,I02139,C24,0
3926,I02147,,0
3927,I02148,,0
3928,I02149,,0
3929,I02150,,0
3937,I02152,A17,0
3940,I02154,,0
3941,I02155,,0
3942,I02156,,0
3946,I02158,,0
3947,I02159,,0
3948,I02160,,0
3949,I02161,,0
3950,I02162,A09,0
3951,I02163,,0
3952,I02164,,0
3953,I02165,,0
3954,I02166,C04,0
3955,I02167,,0
3956,I02168,,0
3957,I02169,,0
3958,I02170,,0
3959,I02171,,0
3960,I02172,,0
3961,I02173,,0
3962,I02174,,0
3963,I02175,,0
3964,I02176,A16,0
3965,I02177,,0
3966,I02178,,0
3967,I02179,,0
3968,I02180,,0
3969,I02181,,0
3970,I02182,C04,0
3971,I02183,C24,0
3972,I02184,,0
3973,I02185,,0
3974,I02186,,0
3975,I02187,,0
3976,I02188,,0
3977,I02189,,0
3978,I02190,,0
3979,I02191,,0
3980,I02192,,0
3997,I02200,A05,0
3998,I02200,A06,0
3999,I02200,A09,0
4003,I02202,,0
4004,I02203,,0
4016,I02207,C24,0
4017,I02208,A09,0
4018,I02209,,0
4020,I02211,,0
4021,I02212,,0
4023,I02214,,0
4028,I02218,,0
4031,I02221,,0
4036,I02224,,0
4037,I02225,,0
4038,I02226,,0
4039,I02227,,0
4040,I02228,,0
4042,I02230,,0
4050,I02234,,0
4057,I02240,,0
4067,I02250,,0
4068,I02251,,0
4088,I02255,,0
4099,I02261,,0
4101,I02263,A14,0
4102,I02264,A01,0
4114,I02268,,0
4115,I02269,,0
4121,I02271,,0
4130,I02276,,0
4136,I02278,,0
4137,I02279,,0
4139,I02281,,0
4143,I02285,,0
4144,I02286,,0
4145,I02287,A03,0
4163,I02295,,0
4164,I02296,,0
4167,I02298,,0
4168,I02299,,0
4176,I02302,A07,0
4196,I02308,,0
4197,I02309,,0
4201,I02311,,0
4202,I02312,,0
4203,I02313,,0
4204,I02314,,0
4207,I02316,,0
4208,I02317,,0
4210,I02319,,0
4211,I02320,,0
4219,I02325,,0
4220,I02326,A18,0
4234,I02330,A18,0
4248,I02336,,0
4249,I02337,A14,0
4250,I02338,A14,0
4251,I02339,,0
4252,I02340,,0
4253,I02341,A01,0
4258,I02343,,0
4274,I02353,,0
4275,I02354,,0
4277,I02356,,0
4279,I02358,,0
4294,I02362,,0
4297,I02364,,0
4298,I02365,,0
4301,I02367,A12,0
4333,I02383,A07,0
4334,I02384,,0
4335,I02385,,0
4336,I02386,,0
4364,I02394,,0
4365,I02395,,0
4366,I02396,,0
4369,I02398,,0
4373,I02401,A09,0
4374,I02402,,0
4375,I02403,,0
4376,I02404,,0
4377,I02405,,0
4381,I02407,,0
4382,I02408,,0
4384,I02410,,0
4386,I02412,C40,0
4387,I02413,,0
4388,I02414,,0
4389,I02415,,0
4391,I02417,,0
4400,I02421,,0
4401,I02422,,0
4402,I02423,,0
4403,I02424,,0
4404,I02425,,0
4405,I02426,,0
4409,I02428,,0
4411,I02430,A05,0
4412,I02430,A07,0
4413,I02430,A09,0
4414,I02431,,0
4415,I02432,,0
4416,I02433,,0
4417,I02434,,0
4418,I02435,A05,0
4419,I02435,A06,0
4420,I02435,A07,0
4421,I02435,A08,0
4429,I02437,,0
4430,I02438,,0
4434,I02441,,0
4435,I02442,,0
4437,I02444,A09,0
4438,I02445,A09,0
4439,I02446,,0
4440,I02447,A10,0
4441,I02447,A14,0
4442,I02448,,0
4447,I02450,,0
4456,I02454,,0
4459,I02457,,0
4460,I02458,,0
4461,I02459,A02,0
4462,I02460,A02,0
4463,I02460,A03,0
4470,I02462,,0
4479,I02467,,0
4480,I02468,,0
4481,I02469,,0
4482,I02470,,0
4483,I02471,,0
4495,I02475,,0
4496,I02476,,0
4498,I02478,,0
4503,I02481,,0
4504,I02482,,0
4505,I02483,,0
4506,I02484,,0
4508,I02486,,0
4509,I02487,,0
4510,I02488,,0
4513,I02491,,0
4517,I02494,A10,0
4518,I02495,C40,0
4521,I02498,,0
4522,I02499,,0
4524,I02501,,0
4528,I02505,,0
4534,I02509,,0
4535,I02510,,0
4538,I02512,,0
4540,I02514,,0
4542,I02516,,0
4556,I02523,,0
4561,I02525,A09,0
4562,I02526,,0
4569,I02530,,0
4570,I02531,,0
4571,I02532,A17,0
4577,I02534,,0
4578,I02535,,0
4580,I02537,A09,0
4581,I02538,,0
4588,I02543,,0
4590,I02545,,0
4591,I02546,,0
4592,I02547,,0
4598,I02552,,0
4601,I02555,,0
4602,I02556,,0
4603,I02557,,0
4604,I02558,,0
4614,I02562,,0
4615,I02563,,0
4616,I02564,,0
4618,I02566,,0
4625,I02569,,0
4626,I02570,,0
4629,I02572,,0
4632,I02574,,0
4633,I02575,,0
4652,I02583,,0
4680,I02592,,0
4681,I02593,A14,0
4682,I02593,A17,0
4699,I02598,,0
4700,I02599,,0
4701,I02600,,0
4702,I02601,,0
4703,I02602,,0
4707,I02605,,0
4708,I02606,,0
4709,I02607,,0
4714,I02610,,0
4716,I02612,,0
4717,I02613,A17,0
4718,I02614,,0
4719,I02615,A05,0
4720,I02616,,0
4721,I02617,,0
4722,I02618,,0
4730,I02624,,0
4731,I02625,,0
4737,I02628,,0
4738,I02629,A17,0
4742,I02633,,0
4743,I02634,A17,0
4744,I02635,A17,0
4746,I02637,,0
4753,I02641,,0
4761,I02644,,0
4789,I02656,,0
4800,I02663,,0
4804,I02666,,0
4818,I02677,,0
4819,I02678,,0
4839,I02689,,0
4840,I02690,,0
4841,I02691,,0
4842,I02692,C30,0
4843,I02693,,0
4847,I02697,,0
4848,I02698,,0
4849,I02699,,0
4850,I02700,,0
4851,I02701,,0
4852,I02702,A09,0
4858,I02705,A09,0
4860,I02707,A09,0
4861,I02708,,0
4865,I02711,,0
4866,I02712,,0
4869,I02715,,0
4871,I02717,,0
4872,I02718,A16,0
4877,I02720,,0
4878,I02721,,0
4879,I02722,,0
4880,I02723,,0
4882,I02725,,0
4883,I02726,,0
4884,I02727,,0
4885,I02728,,0
4886,I02729,A02,0
4890,I02733,,0
4894,I02737,,0
4895,I02738,C39,0
4896,I02739,,0
4897,I02740,,0
4902,I02744,,0
4903,I02745,,0
4904,I02746,,0
4905,I02747,,0
4906,I02748,,0
4907,I02749,,0
4909,I02751,,0
4910,I02752,,0
4911,I02753,,0
4914,I02756,,0
4915,I02757,,0
4916,I02758,,0
4917,I02759,,0
4919,I02761,A14,0
4921,I02763,,0
4922,I02764,,0
4923,I02765,,0
4924,I02766,A05,0
4930,I02769,,0
4932,I02771,A06,0
4933,I02772,,0
4934,I02773,,0
4935,I02774,,0
4936,I02775,,0
4937,I02776,,0
4938,I02777,A16,0
4939,I02778,,0
4945,I02780,,0
4950,I02783,,0
4952,I02785,C40,0
4954,I02787,,0
4957,I02790,C40,0
4961,I02794,,0
4962,I02795,,0
4963,I02796,,0
4964,I02797,,0
4965,I02798,,0
4967,I02800,,0
4968,I02801,,0
4969,I02802,,0
4970,I02803,,0
4974,I02807,C40,0
4979,I02810,,0
4981,I02812,,0
4982,I02813,,0
4983,I02814,A15,0
4984,I02815,,0
4985,I02816,,0
4986,I02817,,0
4987,I02818,A05,0
4988,I02819,,0
4995,I02823,,0
4996,I02824,,0
4997,I02825,,0
5005,I02829,,0
5008,I02831,,0
5009,I02832,,0
5010,I02833,,0
5015,I02835,A07,0
5016,I02836,,0
5017,I02837,A14,0
5019,I02839,,0
5020,I02840,,0
5021,I02841,,0
5023,I02843,,0
5024,I02844,,0
5025,I02845,,0
5026,I02846,A17,0
5027,I02847,,0
5028,I02848,,0
5029,I02849,,0
5030,I02850,,0
5033,I02852,,0
5034,I02853,,0
5035,I02854,,0
5036,I02855,,0
5038,I02857,,0
5039,I02858,,0
5044,I02860,,0
5055,I02864,,0
5056,I02865,,0
5057,I02866,A10,0
5058,I02867,A10,0
5064,I02871,,0
5070,I02874,A10,0
5072,I02876,C04,0
5073,I02877,A10,0
5087,I02881,,0
5088,I02882,,0
5089,I02883,A10,0
5095,I02886,,0
5104,I02890,A10,0
5115,I02895,,0
5122,I02898,,0
5123,I02899,,0
5124,I02900,,0
5125,I02901,,0
5126,I02902,,0
5127,I02903,,0
5128,I02904,,0
5129,I02905,,0
5130,I02906,,0
5131,I02907,,0
5132,I02908,,0
5133,I02909,,0
5135,I02911,,0
5151,I02921,,0
5152,I02922,,0
5153,I02923,A07,0
5154,I02924,,0
5155,I02925,,0
5156,I02926,A03,0
5157,I02927,,0
5158,I02928,,0
5159,I02929,,0
5160,I02930,,0
5161,I02931,,0
5162,I02932,,0
5180,I02941,,0
5181,I02942,,0
5188,I02947,,0
5189,I02948,,0
5190,I02949,,0
5192,I02951,,0
5193,I02952,,0
5194,I02953,,0
5195,I02954,,0
5196,I02955,,0
5197,I02956,,0
5198,I02957,,0
5199,I02958,,0
5201,I02960,,0
5207,I02962,,0
5208,I02963,C39,0
5209,I02964,,0
5210,I02965,C39,0
5214,I02968,,0
5215,I02969,C39,0
5217,I02971,,0
5218,I02972,A05,0
5222,I02974,,0
5223,I02975,,0
5224,I02976,,0
5227,I02978,C39,0
5228,I02979,,0
5229,I02980,C39,0
5230,I02981,C39,0
5231,I02982,A09,0
5244,I02987,,0
5252,I02990,,0
5253,I02991,,0
5254,I02992,,0
5255,I02993,,0
5256,I02994,,0
5257,I02995,,0
5258,I02996,,0
5265,I03002,,0
5266,I03003,,0
5267,I03004,A15,0
5269,I03006,A15,0
5270,I03007,A15,0
5275,I03012,A15,0
5278,I03014,,0
5282,I03016,,0
5283,I03017,,0
5284,I03018,,0
5287,I03020,,0
5294,I03023,A11,0
5311,I03027,A11,0
5328,I03033,,0
5329,I03034,,0
5341,I03037,,0
5342,I03038,,0
5346,I03042,A04,0
5353,I03045,,0
5367,I03050,,0
5372,I03054,,0
5373,I03055,A02,0
5375,I03057,,0
5377,I03059,,0
5378,I03060,,0
5389,I03063,,0
5414,I03074,,0
5415,I03075,,0
5416,I03076,,0
5417,I03077,,0
5420,I03079,,0
5429,I03081,,0
5430,I03082,,0
5431,I03083,,0
5451,I03093,,0
5454,I03095,,0
5482,I03101,,0
5483,I03102,,0
5484,I03103,,0
5498,I03107,,0
5499,I03108,,0
5500,I03109,,0
5501,I03110,,0
5502,I03111,,0
5503,I03112,,0
5504,I03113,,0
5508,I03115,,0
5513,I03117,,0
5527,I03122,,0
5528,I03123,C12,0
5529,I03124,,0
5530,I03125,,0
5537,I03129,,0
5540,I03132,,0
5542,I03134,,0
5550,I03138,A05,0
5551,I03139,,0
5554,I03142,,0
5559,I03144,,0
5560,I03145,,0
5568,I03150,,0
5570,I03152,,0
5572,I03154,,0
5580,I03160,,0
5585,I03163,,0
5586,I03164,,0
5587,I03165,,0
5589,I03167,,0
5602,I03176,,0
5604,I03178,,0
5646,I03194,,0
5647,I03195,A05,0
5652,I03197,A14,0
5653,I03198,,0
5654,I03199,,0
5656,I03201,A15,0
5657,I03202,,0
5658,I03203,,0
5661,I03206,,0
5662,I03207,,0
5663,I03208,,0
5667,I03212,,0
5668,I03213,,0
5669,I03214,A02,0
5674,I03216,A02,0
5677,I03219,,0
5686,I03222,,0
5688,I03224,,0
5689,I03225,,0
5690,I03226,,0
5704,I03232,,0
5705,I03233,,0
5706,I03234,,0
5707,I03235,,0
5737,I03247,,0
5738,I03248,,0
5739,I03249,,0
5744,I03252,,0
5746,I03254,,0
5747,I03255,,0
5748,I03256,,0
5759,I03261,,0
5765,I03263,,0
5766,I03264,A02,0
5767,I03265,A02,0
5770,I03268,C04,0
5776,I03273,C04,0
5777,I03274,C04,0
5778,I03275,C04,0
5785,I03277,C04,0
5786,I03278,C04,0
5787,I03279,C04,0
5792,I03283,C04,0
5794,I03285,C04,0
5802,I03293,C04,0
5821,I03302,,0
5831,I03310,,0
5832,I03311,,0
5833,I03312,,0
5834,I03313,,0
5835,I03314,,0
5836,I03315,,0
5837,I03316,,0
5840,I03319,,0
5841,I03320,A02,0
5842,I03321,A02,0
5846,I03323,,0
5849,I03326,,0
5850,I03327,,0
5851,I03328,,0
5858,I03331,,0
5859,I03332,,0
5860,I03333,,0
5862,I03335,,0
5863,I03336,,0
5867,I03340,,0
5869,I03342,,0
5870,I03343,,0
5872,I03345,,0
5873,I03346,,0
5874,I03347,C25,0
5875,I03348,,0
5878,I03350,,0
5879,I03351,,0
5880,I03352,,0
5881,I03353,,0
5883,I03355,,0
5887,I03359,,0
5890,I03361,A02,0
5891,I03362,A03,0
5892,I03362,A02,0
5893,I03362,A04,0
5894,I03363,C02,0
5895,I03364,,0
5896,I03365,C08,0
5897,I03366,,0
5898,I03367,,0
5899,I03368,A16,0
5900,I03369,A03,0
5901,I03369,A02,0
5902,I03369,A04,0
5903,I03370,A02,0
5904,I03371,A11,0
5905,I03372,,0
5906,I03373,,0
5911,I03375,A02,0
5912,I03376,A02,0
5913,I03377,,0
5914,I03378,,0
5916,I03380,,0
5917,I03381,,0
5918,I03382,,0
5926,I03385,,0
5927,I03386,,0
5928,I03387,,0
5938,I03391,,0
5939,I03392,,0
5940,I03393,,0
5941,I03394,,0
5943,I03396,,0
5944,I03397,,0
5945,I03398,,0
5946,I03399,,0
5947,I03400,,0
5948,I03401,A03,0
5949,I03402,,0
5950,I03403,,0
5951,I03404,,0
5952,I03405,,0
5955,I03408,,0
5956,I03409,,0
5957,I03410,A09,0
5958,I03411,,0
5959,I03412,,0
5960,I03413,,0
5961,I03414,,0
5962,I03415,C24,0
5966,I03418,,0
5967,I03419,,0
5968,I03420,,0
5969,I03421,,0
5970,I03422,,0
5974,I03424,A05,0
5975,I03425,A05,0
5976,I03426,A05,0
5987,I03429,A05,0
5995,I03432,A05,0
6000,I03434,A05,0
6003,I03436,A05,0
6004,I03437,A05,0
6011,I03440,A05,0
6012,I03441,A05,0
6016,I03443,A05,0
6023,I03446,A05,0
6047,I03453,A09,0
6048,I03454,,0
6067,I03459,,0
6068,I03460,,0
6069,I03461,,0
6070,I03462,,0
6071,I03463,,0
6073,I03465,,0
6074,I03466,,0
6075,I03467,,0
6076,I03468,,0
6077,I03469,C31,0
6078,I03470,,0
6079,I03471,,0
6082,I03473,,0
6089,I03480,,0
6092,I03483,,0
6093,I03484,,0
6094,I03485,,0
6096,I03487,,0
6097,I03488,A03,0
6098,I03488,A02,0
6099,I03489,,0
6100,I03490,,0
6102,I03492,,0
6103,I03493,,0
6104,I03494,,0
6105,I03495,,0
6106,I03496,,0
6116,I03500,,0
6117,I03501,,0
6118,I03502,,0
6119,I03503,,0
6120,I03504,,0
6121,I03505,,0
6123,I03507,,0
6124,I03508,C29,0
6127,I03510,,0
6128,I03511,,0
6133,I03515,,0
6135,I03517,A10,0
6136,I03518,A10,0
6142,I03520,,0
6143,I03521,,0
6144,I03522,A16,0
6146,I03524,,0
6147,I03525,,0
6148,I03526,,0
6149,I03527,,0
6152,I03529,A02,0
6153,I03529,A03,0
6173,I03535,,0
6174,I03536,,0
6175,I03537,,0
6176,I03538,,0
6177,I03539,A10,0
6178,I03540,,0
6179,I03541,,0
6182,I03543,,0
6183,I03544,A14,0
6184,I03545,A14,0
6185,I03546,A14,0
6187,I03548,,0
6188,I03549,A09,0
6189,I03550,,0
6191,I03552,,0
6193,I03554,,0
6194,I03555,,0
6199,I03558,,0
6200,I03559,,0
6201,I03560,A09,0
6202,I03561,A16,0
6203,I03562,,0
6204,I03563,,0
6205,I03564,,0
6206,I03565,,0
6207,I03566,,0
6208,I03567,,0
6209,I03568,,0
6210,I03569,,0
6211,I03570,A02,0
6213,I03572,A02,0
6214,I03573,A02,0
6221,I03576,A02,0
6222,I03577,C02,0
6223,I03578,,0
6224,I03579,,0
6225,I03580,,0
6226,I03581,,0
6227,I03582,,0
6228,I03583,,0
6230,I03585,A09,0
6231,I03586,,0
6232,I03587,,0
6233,I03588,,0
6234,I03589,,0
6235,I03590,,0
6236,I03591,,0
6237,I03592,,0
6240,I03594,,0
6241,I03595,,0
6242,I03596,A02,0
6243,I03597,A02,0
6244,I03598,A02,0
6245,I03599,A02,0
6246,I03600,A02,0
6247,I03601,A02,0
6251,I03604,A02,0
6255,I03606,A02,0
6256,I03607,A02,0
6257,I03608,A02,0
6258,I03609,A02,0
6259,I03610,A02,0
6260,I03611,A02,0
6261,I03612,A02,0
6264,I03614,A02,0
6268,I03616,A02,0
6269,I03617,A02,0
6270,I03618,A02,0
6278,I03621,A02,0
6290,I03624,A02,0
6291,I03625,A02,0
6295,I03627,A02,0
6296,I03628,,0
6297,I03629,A02,0
6300,I03631,C28,0
6301,I03632,,0
6302,I03633,A02,0
6303,I03634,,0
6304,I03635,,0
6305,I03636,,0
6319,I03640,,0
6320,I03641,A06,0
6325,I03644,A02,0
6326,I03645,A02,0
6327,I03646,A02,0
6347,I03652,A02,0
6369,I03659,,0
6388,I03670,,0
6391,I03673,A02,0
6393,I03675,A02,0
6394,I03676,,0
6395,I03677,,0
6396,I03678,,0
6398,I03680,,0
6399,I03681,,0
6400,I03682,,0
6401,I03683,,0
6402,I03684,,0
6403,I03685,,0
6404,I03686,,0
6405,I03687,,0
6406,I03688,,0
6407,I03689,,0
6408,I03690,,0
6409,I03691,,0
6410,I03692,,0
6411,I03693,A02,0
6412,I03694,A02,0
6413,I03695,,0
6414,I03696,C24,0
6415,I03697,C24,0
6416,I03698,C24,0
6423,I03703,,0
6424,I03704,C24,0
6425,I03705,,0
6431,I03708,A02,0
6438,I03711,,0
6439,I03712,,0
6440,I03713,,0
6441,I03714,,0
6454,I03720,A03,0
6455,I03721,,0
6456,I03722,A01,0
6457,I03723,,0
6458,I03724,,0
6463,I03727,,0
6464,I03728,,0
6465,I03729,,0
6466,I03730,,0
6467,I03731,,0
6468,I03732,,0
6469,I03733,,0
6470,I03734,,0
6471,I03735,,0
6472,I03736,A03,0
6473,I03737,A03,0
6474,I03738,A03,0
6475,I03739,,0
6491,I03747,,0
6505,I03751,,0
6507,I03753,,0
6521,I03757,A14,0
6522,I03758,A14,0
6528,I03760,A14,0
6537,I03763,,0
6540,I03766,,0
6543,I03768,,0
6544,I03769,,0
6545,I03770,,0
6549,I03773,A06,0
6550,I03774,,0
6551,I03775,,0
6552,I03776,,0
6559,I03779,A05,0
6572,I03786,A10,0
6573,I03786,A14,0
6579,I03790,,0
6580,I03791,,0
6584,I03793,,0
6594,I03802,,0
6598,I03806,,0
6604,I03812,,0
6606,I03814,A02,0
6616,I03818,,0
6618,I03820,,0
6619,I03821,A02,0
6623,I03823,,0
6624,I03824,A02,0
6634,I03827,C29,0
6635,I03828,A02,0
6636,I03829,A02,0
6637,I03830,A02,0
6643,I03832,,0
6644,I03833,,0
6654,I03837,,0
6668,I03841,,0
6671,I03844,,0
6678,I03846,,0
6703,I03857,,0
6705,I03859,,0
6714,I03866,,0
6715,I03867,,0
6718,I03869,,0
6721,I03871,,0
6722,I03872,,0
6723,I03873,,0
6735,I03879,,0
6736,I03880,,0
6747,I03885,,0
6748,I03886,,0
6749,I03887,,0
6750,I03888,,0
6755,I03890,,0
6762,I03894,,0
6768,I03898,,0
6769,I03899,,0
6770,I03900,,0
6771,I03901,,0
6772,I03902,,0
6773,I03903,,0
6774,I03904,A14,0
6777,I03907,,0
6778,I03908,,0
6781,I03911,,0
6782,I03912,,0
6783,I03913,,0
6789,I03918,,0
6791,I03920,,0
6792,I03921,A07,0
6793,I03922,,0
6794,I03923,A13,0
6795,I03924,A07,0
6797,I03926,,0
6798,I03927,A01,0
6801,I03930,,0
6802,I03931,,0
6803,I03932,,0
6806,I03935,,0
6807,I03936,,0
6819,I03941,,0
6820,I03942,,0
6823,I03945,,0
6832,I03950,,0
6834,I03952,,0
6835,I03953,,0
6841,I03956,,0
6844,I03959,,0
6846,I03961,,0
6848,I03963,,0
6849,I03964,,0
6850,I03965,,0
6851,I03966,,0
6852,I03967,,0
6854,I03969,,0
6857,I03971,,0
6858,I03972,,0
6860,I03974,,0
6861,I03975,,0
6862,I03976,,0
6863,I03977,,0
6864,I03978,,0
6865,I03979,,0
6866,I03980,,0
6867,I03981,,0
6868,I03982,,0
6870,I03984,,0
6871,I03985,C20,0
6872,I03986,C20,0
6873,I03987,C20,0
6874,I03988,,0
6878,I03992,,0
6882,I03994,C20,0
6884,I03996,C20,0
6886,I03998,,0
6889,I04000,,0
6890,I04001,,0
6891,I04002,,0
6896,I04005,,0
6905,I04008,,0
6911,I04010,,0
6915,I04012,,0
6921,I04014,,0
6927,I04017,A05,0
6928,I04018,,0
6929,I04019,,0
6930,I04020,,0
6931,I04021,,0
6932,I04022,,0
6937,I04026,,0
6941,I04030,,0
6942,I04031,,0
6946,I04034,,0
6948,I04036,,0
6949,I04037,C22,0
6951,I04039,,0
6952,I04040,,0
6953,I04041,,0
6954,I04042,,0
6960,I04045,A11,0
6961,I04046,C33,0
6970,I04051,A13,0
6972,I04053,C33,0
6976,I04057,C33,0
6981,I04059,,0
6985,I04062,,0
6986,I04063,,0
6987,I04064,,0
6988,I04065,,0
6989,I04066,,0
6990,I04067,,0
6992,I04069,,0
6994,I04071,,0
6995,I04072,,0
6996,I04073,,0
6997,I04074,,0
6998,I04075,,0
6999,I04076,,0
7000,I04077,C04,0
7001,I04078,,0
7002,I04079,,0
7005,I04081,,0
7006,I04082,,0
7014,I04088,,0
7016,I04090,,0
7023,I04095,,0
7024,I04096,,0
7025,I04097,,0
7026,I04098,,0
7027,I04099,,0
7028,I04100,,0
7029,I04101,,0
7031,I04103,,0
7032,I04104,,0
7034,I04106,,0
7036,I04108,,0
7038,I04110,,0
7039,I04111,,0
7040,I04112,A14,0
7041,I04113,A02,0
7042,I04113,A03,0
7043,I04114,A02,0
7044,I04114,A03,0
7046,I04116,A02,0
7047,I04117,,0
7048,I04118,,0
7049,I04119,,0
7050,I04120,,0
7051,I04121,C08,0
7052,I04122,,0
7053,I04123,,0
7058,I04125,A11,0
7059,I04126,,0
7066,I04129,,0
7067,I04130,A05,0
7068,I04131,A02,0
7073,I04134,,0
7075,I04136,,0
7076,I04137,,0
7077,I04138,,0
7078,I04139,,0
7085,I04141,A06,0
7091,I04146,,0
7092,I04147,A02,0
7093,I04147,A03,0
7094,I04148,A03,0
7095,I04149,,0
7096,I04150,,0
7097,I04151,,0
7098,I04152,,0
7101,I04155,,0
7106,I04158,,0
7107,I04159,,0
7110,I04162,,0
7111,I04163,C04,0
7112,I04164,,0
7113,I04165,,0
7115,I04167,,0
7120,I04171,,0
7121,I04172,,0
7122,I04173,,0
7123,I04174,,0
7124,I04175,,0
7156,I04184,,0
7157,I04185,,0
7158,I04186,,0
7160,I04188,,0
7161,I04189,,0
7168,I04192,,0
7173,I04195,,0
7174,I04196,,0
7181,I04198,,0
7189,I04202,,0
7191,I04204,,0
7200,I04207,,0
7201,I04208,,0
7202,I04209,,0
7207,I04212,,0
7208,I04213,,0
7209,I04214,,0
7211,I04216,,0
7212,I04217,,0
7213,I04218,,0
7218,I04221,,0
7219,I04222,,0
7228,I04226,,0
7229,I04227,A14,0
7231,I04229,,0
7237,I04233,,0
7238,I04234,,0
7239,I04235,,0
7240,I04236,,0
7241,I04237,,0
7246,I04239,,0
7292,I04259,,0
7293,I04260,A02,0
7303,I04264,,0
7313,I04268,A02,0
7315,I04270,,0
7319,I04272,,0
7329,I04277,,0
7334,I04280,,0
7342,I04283,,0
7344,I04285,,0
7349,I04290,,0
7350,I04291,,0
7351,I04292,,0
7355,I04294,,0
7356,I04295,,0
7357,I04296,,0
7365,I04299,A14,0
7367,I04301,,0
7368,I04302,,0
7369,I04303,,0
7370,I04304,,0
7371,I04305,,0
7373,I04307,,0
7374,I04308,,0
7375,I04309,,0
7376,I04310,,0
7380,I04313,,0
7382,I04315,,0
7383,I04316,,0
7386,I04318,,0
7387,I04319,,0
7390,I04322,,0
7391,I04323,,0
7392,I04324,C20,0
7393,I04325,,0
7394,I04326,,0
7395,I04327,,0
7396,I04328,,0
7397,I04329,,0
7447,I04345,,0
7448,I04346,,0
7449,I04347,,0
7451,I04349,,0
7462,I04353,,0
7464,I04355,,0
7465,I04356,,0
7467,I04358,,0
7468,I04359,,0
7469,I04360,,0
7471,I04362,,0
7472,I04363,A05,0
7473,I04364,A10,0
7474,I04365,,0
7475,I04366,,0
7476,I04367,,0
7477,I04368,,0
7478,I04369,,0
7479,I04370,,0
7480,I04371,,0
7481,I04372,A02,0
7482,I04373,,0
7491,I04381,,0
7501,I04387,,0
7509,I04390,,0
7512,I04393,,0
7513,I04394,,0
7514,I04395,,0
7515,I04396,,0
7516,I04397,,0
7520,I04400,,0
7521,I04401,,0
7523,I04403,,0
7524,I04404,,0
7525,I04405,,0
7528,I04408,C29,0
7531,I04410,C29,0
7533,I04412,C29,0
7536,I04414,C29,0
7543,I04418,C29,0
7552,I04423,,0
7553,I04424,,0
7554,I04425,,0
7555,I04426,,0
7556,I04427,,0
7557,I04428,,0
7559,I04430,,0
7560,I04431,,0
7561,I04432,,0
7574,I04438,,0
7575,I04439,,0
7579,I04443,,0
7580,I04444,,0
7582,I04446,,0
7583,I04447,,0
7584,I04448,,0
7585,I04449,,0
7593,I04454,,0
7597,I04457,,0
7598,I04458,,0
7599,I04459,,0
7600,I04460,,0
7601,I04461,A04,0
7602,I04462,A01,0
7617,I04466,A05,0
7618,I04467,A03,0
7626,I04469,A03,0
7628,I04471,,0
7629,I04472,,0
7630,I04473,,0
7632,I04475,,0
7633,I04476,,0
7651,I04483,,0
7654,I04486,,0
7657,I04489,,0
7659,I04491,,0
7660,I04492,,0
7662,I04494,,0
7663,I04495,,0
7664,I04496,,0
7665,I04497,,0
7666,I04498,,0
7676,I04505,,0
7677,I04506,,0
7681,I04510,,0
7683,I04512,,0
7684,I04513,,0
7685,I04514,,0
7686,I04515,,0
7687,I04516,,0
7688,I04517,,0
7689,I04518,,0
7690,I04519,,0
7691,I04520,,0
7692,I04521,,0
7693,I04522,,0
7701,I04524,,0
7702,I04525,,0
7703,I04526,,0
7704,I04527,,0
7705,I04528,,0
7706,I04529,,0
7716,I04533,,0
7717,I04534,,0
7720,I04537,,0
7721,I04538,,0
7722,I04539,,0
7723,I04540,,0
7724,I04541,,0
7726,I04543,,0
7727,I04544,,0
7730,I04546,,0
7733,I04548,A05,0
7751,I04552,,0
7752,I04553,A03,0
7757,I04555,,0
7758,I04556,,0
7764,I04561,,0
7768,I04565,,0
7773,I04569,,0
7775,I04571,,0
7776,I04572,,0
7778,I04574,,0
7780,I04576,,0
7782,I04578,,0
7787,I04581,A07,0
7788,I04582,A07,0
7792,I04584,A07,0
7793,I04585,A07,0
7797,I04587,A07,0
7812,I04591,A07,0
7816,I04593,A07,0
7817,I04594,A07,0
7823,I04597,A07,0
7828,I04599,A07,0
7829,I04600,A07,0
7830,I04600,A05,0
7831,I04601,A07,0
7845,I04605,A07,0
7851,I04608,,0
7853,I04610,,0
7854,I04611,C04,0
7855,I04612,,0
7856,I04613,,0
7861,I04616,,0
7862,I04617,,0
7863,I04618,,0
7873,I04623,,0
7874,I04624,,0
7875,I04625,,0
7876,I04626,,0
7882,I04628,,0
7883,I04629,,0
7884,I04630,,0
7888,I04632,,0
7889,I04633,,0
7890,I04634,,0
7891,I04635,,0
7892,I04636,,0
7894,I04638,,0
7895,I04639,,0
7896,I04640,,0
7898,I04642,,0
7899,I04643,,0
7901,I04645,,0
7902,I04646,,0
7905,I04648,,0
7906,I04649,,0
7907,I04650,,0
7908,I04651,,0
7909,I04652,,0
7910,I04653,A02,0
7914,I04656,,0
7918,I04658,,0
7922,I04662,A19,0
7925,I04665,,0
7926,I04666,,0
7935,I04670,C26,0
7936,I04671,A16,0
7946,I04674,,0
7947,I04675,,0
7954,I04677,A05,0
7955,I04678,,0
7956,I04679,,0
7967,I04685,,0
7968,I04686,,0
7974,I04691,,0
7986,I04696,,0
8003,I04701,A02,0
8004,I04702,,0
8005,I04703,,0
8006,I04704,,0
8010,I04706,,0
8014,I04710,,0
8022,I04712,A02,0
8023,I04713,,0
8024,I04714,,0
8025,I04715,,0
8039,I04723,,0
8040,I04724,,0
8044,I04728,A02,0
8052,I04730,A02,0
8053,I04731,A02,0
8057,I04733,,0
8058,I04734,,0
8059,I04735,,0
8060,I04736,,0
8063,I04738,,0
8064,I04739,,0
8066,I04741,,0
8067,I04742,,0
8068,I04743,,0
8069,I04744,,0
8070,I04745,,0
8071,I04746,,0
8073,I04748,,0
8074,I04749,,0
8084,I04752,,0
8093,I04756,A02,0
8096,I04759,,0
8097,I04760,,0
8098,I04761,,0
8099,I04762,,0
8111,I04773,,0
8118,I04778,,0
8122,I04782,,0
8124,I04784,,0
8127,I04787,A01,0
8128,I04788,,0
8129,I04789,,0
8130,I04790,,0
8133,I04792,,0
8135,I04794,,0
8136,I04795,A10,0
8137,I04796,,0
8138,I04797,,0
8143,I04799,,0
8144,I04800,,0
8145,I04801,A03,0
8146,I04801,A02,0
8147,I04801,A04,0
8148,I04802,A02,0
8156,I04810,A05,0
8163,I04813,A03,0
8164,I04813,A04,0
8165,I04813,A02,0
8166,I04814,,0
8167,I04815,A03,0
8168,I04815,A02,0
8172,I04817,A02,0
8175,I04819,,0
8176,I04820,,0
8181,I04822,,0
8182,I04823,,0
8183,I04824,,0
8184,I04825,,0
8185,I04826,,0
8186,I04827,,0
8192,I04831,,0
8197,I04834,,0
8198,I04835,,0
8199,I04836,A03,0
8200,I04837,,0
8201,I04838,,0
8202,I04839,C24,0
8217,I04848,,0
8218,I04849,,0
8219,I04850,,0
8224,I04855,,0
8225,I04856,A05,0
8226,I04857,,0
8231,I04859,,0
8234,I04861,,0
8238,I04865,,0
8239,I04866,,0
8240,I04867,,0
8241,I04868,,0
8244,I04871,,0
8247,I04874,,0
8248,I04875,,0
8249,I04876,,0
8253,I04880,,0
8254,I04881,,0
8255,I04882,,0
8257,I04884,,0
8258,I04885,,0
8259,I04886,,0
8260,I04887,,0
8261,I04888,,0
8262,I04889,,0
8263,I04890,,0
8264,I04891,C19,0
8265,I04892,C19,0
8267,I04894,C19,0
8269,I04896,C19,0
8270,I04897,C19,0
8271,I04898,C19,0
8273,I04900,,0
8274,I04901,,0
8279,I04906,,0
8284,I04911,,0
8286,I04913,,0
8287,I04914,A08,0
8288,I04915,C08,0
8289,I04916,,0
8290,I04917,,0
8291,I04918,,0
8292,I04919,,0
8293,I04920,,0
8294,I04921,,0
8295,I04922,A05,0
8296,I04923,,0
8297,I04924,A06,0
8298,I04925,,0
8299,I04926,,0
8300,I04927,,0
8301,I04928,A09,0
8302,I04929,,0
8303,I04930,C24,0
8305,I04932,,0
8306,I04933,,0
8309,I04935,,0
8310,I04936,A03,0
8311,I04936,A02,0
8312,I04936,A04,0
8313,I04937,,0
8316,I04940,,0
8317,I04941,,0
8318,I04942,,0
8319,I04943,,0
8320,I04944,,0
8321,I04945,,0
8322,I04946,,0
8323,I04947,,0
8324,I04948,,0
8327,I04951,,0
8328,I04952,,0
8329,I04953,C13,0
8334,I04956,,0
8336,I04958,,0
8353,I04965,,0
8354,I04966,,0
8355,I04967,,0
8356,I04968,A14,0
8357,I04969,,0
8361,I04971,,0
8362,I04972,,0
8363,I04973,,0
8364,I04974,,0
8366,I04976,,0
8373,I04980,,0
8383,I04983,,0
8384,I04984,,0
8388,I04987,,0
8399,I04992,A09,0
8405,I04996,A10,0
8408,I04998,,0
8411,I05001,,0
8412,I05002,,0
8413,I05003,,0
8414,I05004,,0
8415,I05005,A14,0
8416,I05006,,0
8417,I05007,,0
8418,I05008,,0
8419,I05009,,0
8421,I05011,,0
8422,I05012,,0
8423,I05013,A19,0
8424,I05014,,0
8425,I05015,,0
8433,I05018,,0
8438,I05021,A09,0
8445,I05024,A09,0
8446,I05025,A09,0
8447,I05026,A09,0
8454,I05029,,0
8455,I05030,,0
8464,I05033,,0
8465,I05034,,0
8466,I05035,A04,0
8468,I05037,,0
8469,I05038,,0
8470,I05039,,0
8471,I05040,,0
8472,I05041,,0
8473,I05042,,0
8474,I05043,,0
8475,I05044,,0
8476,I05045,,0
8477,I05046,,0
8478,I05047,,0
8479,I05048,,0
8481,I05050,,0
8482,I05051,,0
8490,I05057,,0
8491,I05058,,0
8492,I05059,A03,0
8493,I05059,A02,0
8494,I05060,,0
8495,I05061,,0
8498,I05064,,0
8500,I05066,,0
8510,I05070,,0
8511,I05071,A09,0
8517,I05074,,0
8518,I05075,,0
8523,I05080,,0
8524,I05081,A09,0
8525,I05082,A09,0
8526,I05083,A09,0
8527,I05084,A09,0
8537,I05087,,0
8538,I05088,,0
8541,I05091,,0
8545,I05093,,0
8546,I05094,,0
8547,I05095,C04,0
8552,I05098,,0
8553,I05099,,0
8555,I05101,,0
8558,I05104,,0
8559,I05105,,0
8562,I05107,,0
8563,I05108,,0
8564,I05109,A03,0
8570,I05111,A01,0
8571,I05112,,0
8572,I05113,,0
8575,I05115,,0
8579,I05117,,0
8580,I05118,,0
8581,I05119,,0
8585,I05123,,0
8586,I05124,,0
8587,I05125,,0
8588,I05126,C09,0
8589,I05127,,0
8590,I05128,,0
8594,I05131,A17,0
8595,I05132,,0
8596,I05133,A05,0
8599,I05135,A14,0
8600,I05136,,0
8601,I05137,,0
8602,I05138,,0
8603,I05139,,0
8604,I05140,,0
8611,I05144,C04,0
8613,I05146,,0
8614,I05147,,0
8615,I05148,,0
8616,I05149,,0
8617,I05150,,0
8631,I05154,,0
8632,I05155,,0
8633,I05156,,0
8637,I05158,A07,0
8644,I05165,,0
8645,I05166,,0
8646,I05167,,0
8648,I05169,A06,0
8652,I05171,,0
8669,I05176,,0
8682,I05180,A16,0
8686,I05183,,0
8687,I05184,A03,0
8690,I05186,A14,0
8693,I05188,,0
8698,I05192,A03,0
8705,I05195,,0
8707,I05197,,0
8708,I05198,,0
8711,I05200,,0
8716,I05203,,0
8722,I05205,A02,0
8723,I05205,A03,0
8724,I05206,,0
8725,I05207,C08,0
8726,I05208,,0
8732,I05210,,0
8745,I05215,A03,0
8755,I05218,,0
8756,I05219,,0
8762,I05222,,0
8763,I05223,,0
8764,I05224,A03,0
8770,I05226,,0
8771,I05227,,0
8773,I05229,,0
8775,I05231,,0
8777,I05233,,0
8780,I05235,,0
8781,I05236,,0
8790,I05240,,0
8791,I05241,,0
8792,I05242,,0
8793,I05243,,0
8794,I05244,,0
8795,I05245,,0
8796,I05246,A16,0
8797,I05247,,0
8798,I05248,,0
8802,I05250,,0
8805,I05252,C28,0
8809,I05254,,0
8810,I05255,C28,0
8811,I05256,,0
8812,I05257,,0
8813,I05258,,0
8814,I05259,,0
8815,I05260,,0
8816,I05261,,0
8817,I05262,,0
8819,I05264,,0
8820,I05265,,0
8821,I05266,,0
8824,I05268,C24,0
8825,I05269,,0
8826,I05270,,0
8827,I05271,,0
8831,I05274,,0
8832,I05275,,0
8833,I05276,,0
8836,I05278,,0
8883,I05297,,0
8888,I05299,,0
8890,I05301,A02,0
8895,I05304,,0
8896,I05305,,0
8897,I05306,,0
8903,I05308,,0
8913,I05312,,0
8914,I05313,,0
8915,I05314,,0
8916,I05315,,0
8918,I05317,,0
8922,I05320,,0
8923,I05321,,0
8924,I05322,,0
8925,I05323,,0
8926,I05324,,0
8927,I05325,,0
8928,I05326,,0
8929,I05327,,0
8930,I05328,,0
8931,I05329,,0
8932,I05330,,0
8933,I05331,A02,0
8934,I05332,,0
8935,I05333,,0
8936,I05334,,0
8937,I05335,,0
8938,I05336,,0
8939,I05337,,0
8940,I05338,,0
8941,I05339,,0
8943,I05341,,0
8944,I05342,,0
8945,I05343,A02,0
8946,I05344,,0
8958,I05348,,0
8959,I05349,,0
8960,I05350,,0
8963,I05352,,0
8964,I05353,,0
8966,I05355,,0
8967,I05356,,0
8968,I05357,,0
8969,I05358,,0
8974,I05361,,0
8975,I05362,,0
8976,I05363,,0
8977,I05364,,0
8978,I05365,,0
8979,I05366,,0
8980,I05367,,0
8981,I05368,,0
8982,I05369,,0
8983,I05370,,0
8984,I05371,A05,0
8985,I05372,,0
8986,I05373,,0
9003,I05384,,0
9004,I05385,,0
9005,I05386,,0
9006,I05387,,0
9018,I05391,,0
9019,I05392,,0
9020,I05393,,0
9021,I05394,A14,0
9022,I05395,,0
9023,I05396,,0
9024,I05397,A14,0
9025,I05398,,0
9027,I05400,,0
9032,I05405,C09,0
9033,I05406,C09,0
9036,I05408,,0
9037,I05409,,0
9039,I05411,,0
9040,I05412,,0
9041,I05413,,0
9047,I05417,C19,0
9050,I05420,C22,0
9060,I05428,,0
9061,I05429,,0
9063,I05431,A01,0
9064,I05432,C04,0
9065,I05433,,0
9066,I05434,,0
9067,I05435,,0
9068,I05436,,0
9069,I05437,,0
9070,I05438,,0
9079,I05444,,0
9082,I05446,A10,0
9084,I05448,,0
9093,I05452,A11,0
9175,I05483,,0
9176,I05484,,0
9178,I05486,,0
9179,I05487,,0
9180,I05488,,0
9181,I05489,,0
9182,I05490,,0
9188,I05493,,0
9205,I05501,,0
9221,I05507,,0
9222,I05508,,0
9224,I05510,,0
9225,I05511,,0
9226,I05512,,0
9304,I05539,,0
9322,I05543,A04,0
9338,I05548,A04,0
9398,I05561,A04,0
9425,I05570,,0
9426,I05571,,0
9427,I05572,,0
9428,I05573,A06,0
9429,I05574,,0
9432,I05576,,0
9445,I05581,,0
9446,I05582,,0
9448,I05584,,0
9454,I05588,A17,0
9455,I05589,,0
9470,I05597,,0
9488,I05601,,0
9489,I05602,,0
9490,I05603,,0
9491,I05604,,0
9494,I05606,A17,0
9495,I05607,,0
9514,I05615,,0
9515,I05616,,0
9525,I05620,,0
9526,I05621,,0
9527,I05622,A09,0
9528,I05623,,0
9529,I05624,,0
9530,I05625,,0
9531,I05626,,0
9540,I05633,,0
9541,I05634,,0
9544,I05636,A16,0
9558,I05645,,0
9559,I05646,,0
9560,I05647,,0
9561,I05648,C01,0
9566,I05653,A16,0
9567,I05654,A15,0
9569,I05656,,0
9579,I05661,,0
9580,I05662,,0
9581,I05663,,0
9587,I05668,,0
9594,I05674,,0
9595,I05675,,0
9597,I05677,,0
9598,I05678,,0
9603,I05681,,0
9643,I05694,,0
9644,I05695,,0
9645,I05696,,0
9648,I05698,,0
9649,I05699,,0
9655,I05702,,0
9657,I05704,,0
9658,I05705,,0
9659,I05706,,0
9660,I05707,,0
9661,I05708,,0
9667,I05710,,0
9668,I05711,,0
9671,I05714,,0
9674,I05717,,0
9675,I05718,,0
9677,I05720,,0
9679,I05722,,0
9686,I05729,,0
9694,I05735,,0
9701,I05738,,0
9702,I05739,,0
9704,I05741,,0
9718,I05746,A17,0
9720,I05748,,0
9721,I05749,,0
9722,I05750,,0
9724,I05752,,0
9741,I05764,A14,0
9759,I05774,,0
9760,I05775,,0
9761,I05776,A14,0
9766,I05780,,0
9771,I05783,,0
9777,I05788,,0
9780,I05790,,0
9783,I05792,,0
9808,I05802,,0
9809,I05803,,0
9810,I05804,,0
9817,I05808,,0
9822,I05810,,0
9823,I05811,,0
9824,I05812,,0
9825,I05813,,0
9826,I05814,,0
9827,I05815,,0
9834,I05819,,0
9839,I05824,A06,0
9864,I05838,,0
9866,I05840,,0
9876,I05844,,0
9877,I05845,,0
9924,I05861,,0
9925,I05862,,0
9926,I05863,,0
9928,I05865,A14,0
9941,I05875,,0
9943,I05877,A09,0
9950,I05881,A06,0
9951,I05882,,0
9960,I05889,,0
9962,I05891,,0
9963,I05892,A01,0
9973,I05902,,0
9996,I05916,,0
9997,I05917,,0
10008,I05921,,0
10010,I05923,,0
10012,I05925,,0
10014,I05927,,0
10015,I05928,,0
10016,I05929,,0
10029,I05936,,0
10036,I05943,A16,0
10037,I05944,A16,0
10047,I05949,A16,0
10049,I05951,A16,0
10050,I05952,A16,0
10054,I05955,A16,0
10061,I05957,A16,0
10062,I05958,,0
10063,I05959,,0
10068,I05961,A02,0
10069,I05962,A02,0
10072,I05965,,0
10073,I05966,,0
10078,I05969,,0
10080,I05971,A14,0
10081,I05971,A17,0
10084,I05973,,0
10085,I05974,,0
10086,I05975,,0
10087,I05976,,0
10088,I05977,,0
10089,I05978,,0
10090,I05979,,0
10094,I05983,A03,0
10095,I05984,C29,0
10096,I05985,A09,0
10100,I05989,,0
10104,I05991,,0
10108,I05993,C36,0
10109,I05994,,0
10129,I06002,,0
10137,I06005,,0
10146,I06008,,0
10147,I06009,,0
10148,I06010,,0
10149,I06011,,0
10151,I06013,,0
10152,I06014,,0
10154,I06016,,0
10155,I06017,,0
10156,I06018,A02,0
10157,I06019,,0
10162,I06021,,0
10163,I06022,A02,0
10164,I06023,,0
10166,I06025,,0
10167,I06026,,0
10168,I06027,,0
10169,I06028,A14,0
10186,I06039,,0
10187,I06040,,0
10188,I06041,,0
10191,I06044,,0
10197,I06048,,0
10198,I06049,,0
10199,I06050,,0
10201,I06052,,0
10202,I06053,,0
10203,I06054,,0
10209,I06058,,0
10210,I06059,,0
10211,I06060,,0
10262,I06079,,0
10263,I06080,,0
10265,I06082,,0
10267,I06084,,0
10273,I06087,,0
10277,I06090,,0
10278,I06091,,0
10280,I06093,,0
10282,I06095,,0
10285,I06098,,0
10287,I06100,,0
10288,I06101,,0
10293,I06105,,0
10297,I06107,,0
10299,I06109,,0
10300,I06110,,0
10306,I06116,,0
10307,I06117,,0
10308,I06118,,0
10311,I06121,,0
10320,I06124,,0
10321,I06125,,0
10326,I06128,,0
10329,I06130,,0
10330,I06131,,0
10331,I06132,,0
10335,I06136,,0
10342,I06143,A17,0
10343,I06144,,0
10348,I06146,,0
10349,I06147,,0
10350,I06148,,0
10351,I06149,,0
10352,I06150,,0
10353,I06151,,0
10355,I06153,,0
10357,I06155,,0
10358,I06156,,0
10359,I06157,,0
10361,I06159,,0
10363,I06161,,0
10364,I06162,A03,0
10367,I06165,,0
10370,I06168,A19,0
10371,I06169,,0
10372,I06170,,0
10374,I06172,,0
10382,I06177,C24,0
10389,I06180,,0
10390,I06181,A03,0
10404,I06187,,0
10407,I06190,,0
10408,I06191,,0
10412,I06193,,0
10413,I06194,,0
10423,I06200,,0
10424,I06201,,0
10425,I06202,,0
10426,I06203,,0
10427,I06204,,0
10428,I06205,,0
10429,I06206,C04,0
10430,I06207,,0
10431,I06208,,0
10438,I06213,,0
10442,I06215,,0
10444,I06217,,0
10447,I06220,,0
10448,I06221,,0
10449,I06222,,0
10455,I06227,A09,0
10456,I06228,A07,0
10457,I06229,,0
10458,I06230,,0
10459,I06231,,0
10461,I06233,,0
10469,I06238,,0
10481,I06241,A09,0
10482,I06242,,0
10483,I06243,,0
10484,I06244,,0
10503,I06250,,0
10504,I06251,,0
10505,I06252,,0
10508,I06255,,0
10517,I06257,,0
10518,I06258,,0
10519,I06259,,0
10524,I06263,,0
10526,I06265,A03,0
10527,I06266,,0
10529,I06268,,0
10530,I06269,,0
10562,I06277,,0
10563,I06278,,0
10582,I06283,,0
10584,I06285,,0
10585,I06286,,0
10588,I06289,,0
10590,I06291,,0
10591,I06292,,0
10592,I06293,,0
10593,I06294,,0
10594,I06295,,0
10595,I06296,,0
10596,I06297,,0
10597,I06298,,0
10598,I06299,A02,0
10599,I06300,A02,0
10605,I06304,,0
10607,I06306,A07,0
10608,I06307,,0
10625,I06313,,0
10626,I06314,,0
10627,I06315,,0
10642,I06319,,0
10653,I06325,,0
10654,I06326,A03,0
10657,I06328,,0
10701,I06340,A07,0
10702,I06340,A06,0
10703,I06340,A14,0
10704,I06341,,0
10708,I06343,A05,0
10709,I06343,A07,0
10710,I06343,A09,0
10711,I06344,A05,0
10712,I06344,A07,0
10713,I06344,A09,0
10714,I06345,,0
10715,I06346,,0
10726,I06350,,0
10727,I06351,,0
10728,I06352,,0
10729,I06353,,0
10730,I06354,,0
10768,I06362,,0
10769,I06363,,0
10770,I06364,,0
10771,I06365,,0
10772,I06366,,0
10773,I06367,,0
10781,I06370,,0
10782,I06371,,0
10783,I06372,,0
10791,I06374,,0
10792,I06375,,0
10803,I06381,,0
10805,I06383,,0
10806,I06384,,0
10807,I06385,,0
10808,I06386,,0
10815,I06390,,0
10816,I06391,,0
10817,I06392,,0
10821,I06395,,0
10822,I06396,C11,0
10832,I06403,,0
10834,I06405,,0
10835,I06406,,0
10838,I06409,,0
10839,I06410,,0
10843,I06413,A12,0
10844,I06414,A12,0
10847,I06416,A12,0
10848,I06417,A12,0
10861,I06422,A14,0
10862,I06423,A07,0
10863,I06424,,0
10865,I06426,C36,0
10866,I06427,,0
10870,I06430,,0
10871,I06431,,0
10872,I06432,,0
10873,I06433,,0
10874,I06434,,0
10875,I06435,,0
10876,I06436,,0
10877,I06437,,0
10878,I06438,,0
10880,I06440,,0
10881,I06441,,0
10883,I06443,,0
10884,I06444,,0
10885,I06445,,0
10886,I06446,,0
10889,I06448,,0
10890,I06449,C13,0
10892,I06451,,0
10893,I06452,,0
10894,I06453,,0
10895,I06454,,0
10896,I06455,,0
10900,I06457,,0
10907,I06459,A09,0
10908,I06460,C08,0
10909,I06461,,0
10910,I06462,A06,0
10911,I06463,A06,0
10912,I06464,A06,0
10917,I06466,A06,0
10922,I06468,,0
10923,I06469,,0
10925,I06471,,0
10926,I06472,,0
10927,I06473,,0
10928,I06474,,0
10929,I06475,,0
10930,I06476,,0
10931,I06477,,0
10932,I06478,,0
10933,I06479,,0
10936,I06481,,0
10938,I06483,A05,0
10940,I06485,,0
10941,I06486,,0
10945,I06490,,0
10946,I06491,,0
10947,I06492,,0
10952,I06496,A09,0
10956,I06498,,0
10962,I06502,,0
10966,I06506,A05,0
10978,I06512,,0
10980,I06514,A05,0
10981,I06515,,0
10982,I06516,A01,0
10983,I06517,A06,0
10984,I06518,,0
10985,I06519,,0
10986,I06520,,0
10987,I06521,,0
10988,I06522,,0
10989,I06523,,0
10990,I06524,,0
10991,I06525,,0
10992,I06526,,0
10993,I06527,A15,0
10994,I06528,,0
10997,I06530,,0
10999,I06532,,0
11002,I06535,,0
11003,I06536,,0
11004,I06537,,0
11005,I06538,,0
11006,I06539,,0
11007,I06540,,0
11008,I06541,,0
11009,I06542,,0
11012,I06544,,0
11013,I06545,,0
11014,I06546,,0
11015,I06547,,0
11016,I06548,,0
11017,I06549,,0
11018,I06550,,0
11020,I06552,,0
11021,I06553,,0
11037,I06558,,0
11040,I06561,,0
11045,I06564,A09,0
11060,I06567,A08,0
11062,I06569,,0
11067,I06571,A05,0
11068,I06572,A16,0
11069,I06573,,0
11071,I06575,,0
11072,I06576,,0
11073,I06577,,0
11074,I06578,,0
11077,I06580,,0
11079,I06582,,0
11080,I06583,C39,0
11081,I06584,,0
11085,I06587,,0
11086,I06588,,0
11089,I06590,,0
11090,I06591,,0
11091,I06592,A14,0
11092,I06593,C13,0
11093,I06594,,0
11094,I06595,,0
11095,I06596,A05,0
11096,I06597,A05,0
11097,I06598,,0
11098,I06599,,0
11099,I06600,A05,0
11100,I06601,A14,0
11101,I06602,,0
11102,I06603,,0
11103,I06604,,0
11104,I06605,C08,0
11107,I06608,,0
11108,I06609,,0
